<StyleCopViolations>
  <Violation Section="Root.Diverter.Business.Jobs.CmbAcceptImageForIapsJob.Execute%IJobExecutionContext" LineNumber="65" Source="D:\work\hff_workspace\Diverter\Code\Project\Diverter\Diverter.Business\Jobs\CmbAcceptImageForIapsJob.cs" RuleNamespace="StyleCop.CSharp.ReadabilityRules" Rule="CommaMustBeOnSameLineAsPreviousParameter" RuleId="SA1113">The comma must be placed on the same line as the previous parameter.</Violation>
  <Violation Section="Root.Diverter.Business.Jobs.CmbAcceptImageForIapsJob.Execute%IJobExecutionContext" LineNumber="66" Source="D:\work\hff_workspace\Diverter\Code\Project\Diverter\Diverter.Business\Jobs\CmbAcceptImageForIapsJob.cs" RuleNamespace="StyleCop.CSharp.ReadabilityRules" Rule="CommaMustBeOnSameLineAsPreviousParameter" RuleId="SA1113">The comma must be placed on the same line as the previous parameter.</Violation>
  <Violation Section="Root.Diverter.Business.Jobs.CmbAcceptImageForIapsJob.Execute%IJobExecutionContext" LineNumber="65" StartLine="65" StartColumn="29" EndLine="65" EndColumn="29" Source="D:\work\hff_workspace\Diverter\Code\Project\Diverter\Diverter.Business\Jobs\CmbAcceptImageForIapsJob.cs" RuleNamespace="StyleCop.CSharp.SpacingRules" Rule="CommasMustBeSpacedCorrectly" RuleId="SA1001">Invalid spacing around the comma.</Violation>
  <Violation Section="Root.Diverter.Business.Jobs.CmbAcceptImageForIapsJob.Execute%IJobExecutionContext" LineNumber="66" StartLine="66" StartColumn="29" EndLine="66" EndColumn="29" Source="D:\work\hff_workspace\Diverter\Code\Project\Diverter\Diverter.Business\Jobs\CmbAcceptImageForIapsJob.cs" RuleNamespace="StyleCop.CSharp.SpacingRules" Rule="CommasMustBeSpacedCorrectly" RuleId="SA1001">Invalid spacing around the comma.</Violation>
  <Violation Section="Root.Diverter.Business.Jobs.CmbAppendImageJob.Execute%IJobExecutionContext" LineNumber="37" Source="D:\work\hff_workspace\Diverter\Code\Project\Diverter\Diverter.Business\Jobs\CmbAppendImageJob.cs" RuleNamespace="StyleCop.CSharp.LayoutRules" Rule="OpeningCurlyBracketsMustNotBeFollowedByBlankLine" RuleId="SA1505">An opening curly bracket must not be followed by a blank line.</Violation>
  <Violation Section="Root.Diverter.Business.Jobs.CmbAppendImageJob.Execute%IJobExecutionContext" LineNumber="61" Source="D:\work\hff_workspace\Diverter\Code\Project\Diverter\Diverter.Business\Jobs\CmbAppendImageJob.cs" RuleNamespace="StyleCop.CSharp.ReadabilityRules" Rule="CommaMustBeOnSameLineAsPreviousParameter" RuleId="SA1113">The comma must be placed on the same line as the previous parameter.</Violation>
  <Violation Section="Root.Diverter.Business.Jobs.CmbAppendImageJob.Execute%IJobExecutionContext" LineNumber="62" Source="D:\work\hff_workspace\Diverter\Code\Project\Diverter\Diverter.Business\Jobs\CmbAppendImageJob.cs" RuleNamespace="StyleCop.CSharp.ReadabilityRules" Rule="CommaMustBeOnSameLineAsPreviousParameter" RuleId="SA1113">The comma must be placed on the same line as the previous parameter.</Violation>
  <Violation Section="Root.Diverter.Business.Jobs.CmbAppendImageJob.Execute%IJobExecutionContext" LineNumber="61" StartLine="61" StartColumn="29" EndLine="61" EndColumn="29" Source="D:\work\hff_workspace\Diverter\Code\Project\Diverter\Diverter.Business\Jobs\CmbAppendImageJob.cs" RuleNamespace="StyleCop.CSharp.SpacingRules" Rule="CommasMustBeSpacedCorrectly" RuleId="SA1001">Invalid spacing around the comma.</Violation>
  <Violation Section="Root.Diverter.Business.Jobs.CmbAppendImageJob.Execute%IJobExecutionContext" LineNumber="62" StartLine="62" StartColumn="29" EndLine="62" EndColumn="29" Source="D:\work\hff_workspace\Diverter\Code\Project\Diverter\Diverter.Business\Jobs\CmbAppendImageJob.cs" RuleNamespace="StyleCop.CSharp.SpacingRules" Rule="CommasMustBeSpacedCorrectly" RuleId="SA1001">Invalid spacing around the comma.</Violation>
  <Violation Section="Root.Diverter.Business.Jobs.HuiheIapsJob" LineNumber="32" Source="D:\work\hff_workspace\Diverter\Code\Project\Diverter\Diverter.Business\Jobs\HuiheIapsJob.cs" RuleNamespace="StyleCop.CSharp.LayoutRules" Rule="CodeMustNotContainMultipleBlankLinesInARow" RuleId="SA1507">The code must not contain multiple blank lines in a row.</Violation>
  <Violation Section="Root.Diverter.Business.Jobs.HuiheIapsJob.Execute%IJobExecutionContext" LineNumber="61" Source="D:\work\hff_workspace\Diverter\Code\Project\Diverter\Diverter.Business\Jobs\HuiheIapsJob.cs" RuleNamespace="StyleCop.CSharp.ReadabilityRules" Rule="CommaMustBeOnSameLineAsPreviousParameter" RuleId="SA1113">The comma must be placed on the same line as the previous parameter.</Violation>
  <Violation Section="Root.Diverter.Business.Jobs.HuiheIapsJob.Execute%IJobExecutionContext" LineNumber="62" Source="D:\work\hff_workspace\Diverter\Code\Project\Diverter\Diverter.Business\Jobs\HuiheIapsJob.cs" RuleNamespace="StyleCop.CSharp.ReadabilityRules" Rule="CommaMustBeOnSameLineAsPreviousParameter" RuleId="SA1113">The comma must be placed on the same line as the previous parameter.</Violation>
  <Violation Section="Root.Diverter.Business.Jobs.HuiheIapsJob.Execute%IJobExecutionContext" LineNumber="61" StartLine="61" StartColumn="29" EndLine="61" EndColumn="29" Source="D:\work\hff_workspace\Diverter\Code\Project\Diverter\Diverter.Business\Jobs\HuiheIapsJob.cs" RuleNamespace="StyleCop.CSharp.SpacingRules" Rule="CommasMustBeSpacedCorrectly" RuleId="SA1001">Invalid spacing around the comma.</Violation>
  <Violation Section="Root.Diverter.Business.Jobs.HuiheIapsJob.Execute%IJobExecutionContext" LineNumber="62" StartLine="62" StartColumn="29" EndLine="62" EndColumn="29" Source="D:\work\hff_workspace\Diverter\Code\Project\Diverter\Diverter.Business\Jobs\HuiheIapsJob.cs" RuleNamespace="StyleCop.CSharp.SpacingRules" Rule="CommasMustBeSpacedCorrectly" RuleId="SA1001">Invalid spacing around the comma.</Violation>
  <Violation Section="Root" LineNumber="17" Source="D:\work\hff_workspace\Diverter\Code\Project\Diverter\Diverter.Business\Properties\AssemblyInfo.cs" RuleNamespace="StyleCop.CSharp.LayoutRules" Rule="SingleLineCommentsMustNotBeFollowedByBlankLine" RuleId="SA1512">A single-line comment must not be followed by a blank line. To ignore this error when commenting out a line of code, begin the comment with '////' rather than '//'.</Violation>
  <Violation Section="Root" LineNumber="30" Source="D:\work\hff_workspace\Diverter\Code\Project\Diverter\Diverter.Business\Properties\AssemblyInfo.cs" RuleNamespace="StyleCop.CSharp.LayoutRules" Rule="SingleLineCommentsMustNotBeFollowedByBlankLine" RuleId="SA1512">A single-line comment must not be followed by a blank line. To ignore this error when commenting out a line of code, begin the comment with '////' rather than '//'.</Violation>
  <Violation Section="Root" LineNumber="34" Source="D:\work\hff_workspace\Diverter\Code\Project\Diverter\Diverter.Business\Properties\AssemblyInfo.cs" RuleNamespace="StyleCop.CSharp.LayoutRules" Rule="SingleLineCommentsMustNotBeFollowedByBlankLine" RuleId="SA1512">A single-line comment must not be followed by a blank line. To ignore this error when commenting out a line of code, begin the comment with '////' rather than '//'.</Violation>
  <Violation Section="Root" LineNumber="47" Source="D:\work\hff_workspace\Diverter\Code\Project\Diverter\Diverter.Business\Properties\AssemblyInfo.cs" RuleNamespace="StyleCop.CSharp.LayoutRules" Rule="SingleLineCommentsMustNotBeFollowedByBlankLine" RuleId="SA1512">A single-line comment must not be followed by a blank line. To ignore this error when commenting out a line of code, begin the comment with '////' rather than '//'.</Violation>
  <Violation Section="Root.Diverter.Business.Service.FspService" LineNumber="23" Source="D:\work\hff_workspace\Diverter\Code\Project\Diverter\Diverter.Business\Service\FspService.cs" RuleNamespace="StyleCop.CSharp.DocumentationRules" Rule="ElementsMustBeDocumented" RuleId="SA1600">The class must have a documentation header.</Violation>
  <Violation Section="Root.Diverter.Business.Service.FspService.FspService" LineNumber="50" Source="D:\work\hff_workspace\Diverter\Code\Project\Diverter\Diverter.Business\Service\FspService.cs" RuleNamespace="StyleCop.CSharp.DocumentationRules" Rule="ElementsMustBeDocumented" RuleId="SA1600">The constructor must have a documentation header.</Violation>
  <Violation Section="Root.Diverter.Business.Service.FspService.FspService%IFspAdapter%IImageSystemAdapter" LineNumber="56" Source="D:\work\hff_workspace\Diverter\Code\Project\Diverter\Diverter.Business\Service\FspService.cs" RuleNamespace="StyleCop.CSharp.DocumentationRules" Rule="ElementsMustBeDocumented" RuleId="SA1600">The constructor must have a documentation header.</Violation>
  <Violation Section="Root.Diverter.Business.Service.FspService.FspService%FspAdapter%IImageSystemAdapter%string%DateTime" LineNumber="61" Source="D:\work\hff_workspace\Diverter\Code\Project\Diverter\Diverter.Business\Service\FspService.cs" RuleNamespace="StyleCop.CSharp.DocumentationRules" Rule="ElementsMustBeDocumented" RuleId="SA1600">The constructor must have a documentation header.</Violation>
  <Violation Section="Root.Diverter.Business.Service.FspService.FspService%FspAdapter%IImageSystemAdapter%string%DateTime" LineNumber="61" Source="D:\work\hff_workspace\Diverter\Code\Project\Diverter\Diverter.Business\Service\FspService.cs" RuleNamespace="StyleCop.CSharp.LayoutRules" Rule="ElementsMustBeSeparatedByBlankLine" RuleId="SA1516">Adjacent elements must be separated by a blank line.</Violation>
  <Violation Section="Root.Diverter.Business.Service.FspService.Token" LineNumber="71" Source="D:\work\hff_workspace\Diverter\Code\Project\Diverter\Diverter.Business\Service\FspService.cs" RuleNamespace="StyleCop.CSharp.LayoutRules" Rule="ElementsMustBeSeparatedByBlankLine" RuleId="SA1516">Adjacent elements must be separated by a blank line.</Violation>
  <Violation Section="Root.Diverter.Business.Service.FspService.FspService%IFspAdapter%IImageSystemAdapter" LineNumber="60" Source="D:\work\hff_workspace\Diverter\Code\Project\Diverter\Diverter.Business\Service\FspService.cs" RuleNamespace="StyleCop.CSharp.LayoutRules" Rule="ClosingCurlyBracketMustBeFollowedByBlankLine" RuleId="SA1513">Statements or elements wrapped in curly brackets must be followed by a blank line.</Violation>
  <Violation Section="Root.Diverter.Business.Service.FspService.Token" LineNumber="68" Source="D:\work\hff_workspace\Diverter\Code\Project\Diverter\Diverter.Business\Service\FspService.cs" RuleNamespace="StyleCop.CSharp.LayoutRules" Rule="ElementDocumentationHeaderMustBePrecededByBlankLine" RuleId="SA1514">A documentation header must be preceded by a blank line or must be the first item in its scope.</Violation>
  <Violation Section="Root.Diverter.Business.Service.IFspService" LineNumber="21" Source="D:\work\hff_workspace\Diverter\Code\Project\Diverter\Diverter.Business\Service\IFspService.cs" RuleNamespace="StyleCop.CSharp.DocumentationRules" Rule="ElementsMustBeDocumented" RuleId="SA1600">The interface must have a documentation header.</Violation>
  <Violation Section="Root.Diverter.Business.Service.IFspService.Token" LineNumber="23" Source="D:\work\hff_workspace\Diverter\Code\Project\Diverter\Diverter.Business\Service\IFspService.cs" RuleNamespace="StyleCop.CSharp.DocumentationRules" Rule="ElementsMustBeDocumented" RuleId="SA1600">The property must have a documentation header.</Violation>
  <Violation Section="Root.Diverter.Business.Service.IFspService.SendPadImagesToFsp%IEnumerable`ChannelImageFile" LineNumber="25" Source="D:\work\hff_workspace\Diverter\Code\Project\Diverter\Diverter.Business\Service\IFspService.cs" RuleNamespace="StyleCop.CSharp.DocumentationRules" Rule="ElementsMustBeDocumented" RuleId="SA1600">The method must have a documentation header.</Violation>
  <Violation Section="Root.Diverter.Business.Tasks.CmbAcceptImageForIapsTask._fileTaskRepository" LineNumber="34" Source="D:\work\hff_workspace\Diverter\Code\Project\Diverter\Diverter.Business\Tasks\CmbAcceptImageForIapsTask.cs" RuleNamespace="StyleCop.CSharp.DocumentationRules" Rule="ElementsMustBeDocumented" RuleId="SA1600">The field must have a documentation header.</Violation>
  <Violation Section="Root.Diverter.Business.Tasks.CmbAcceptImageForIapsTask._taskLocker" LineNumber="35" Source="D:\work\hff_workspace\Diverter\Code\Project\Diverter\Diverter.Business\Tasks\CmbAcceptImageForIapsTask.cs" RuleNamespace="StyleCop.CSharp.DocumentationRules" Rule="ElementsMustBeDocumented" RuleId="SA1600">The field must have a documentation header.</Violation>
  <Violation Section="Root.Diverter.Business.Tasks.CmbAcceptImageForIapsTask._iIapsAdapter" LineNumber="36" Source="D:\work\hff_workspace\Diverter\Code\Project\Diverter\Diverter.Business\Tasks\CmbAcceptImageForIapsTask.cs" RuleNamespace="StyleCop.CSharp.DocumentationRules" Rule="ElementsMustBeDocumented" RuleId="SA1600">The field must have a documentation header.</Violation>
  <Violation Section="Root.Diverter.Business.Tasks.CmbAcceptImageForIapsTask.CmbAcceptImageForIapsTask" LineNumber="38" Source="D:\work\hff_workspace\Diverter\Code\Project\Diverter\Diverter.Business\Tasks\CmbAcceptImageForIapsTask.cs" RuleNamespace="StyleCop.CSharp.DocumentationRules" Rule="ElementsMustBeDocumented" RuleId="SA1600">The constructor must have a documentation header.</Violation>
  <Violation Section="Root.Diverter.Business.Tasks.CmbAcceptImageForIapsTask.CmbAcceptImageForIapsTask%IEntityRepository`AcceptImageFileTask%ITaskLocker%IIapsAdapter" LineNumber="46" Source="D:\work\hff_workspace\Diverter\Code\Project\Diverter\Diverter.Business\Tasks\CmbAcceptImageForIapsTask.cs" RuleNamespace="StyleCop.CSharp.DocumentationRules" Rule="ElementsMustBeDocumented" RuleId="SA1600">The constructor must have a documentation header.</Violation>
  <Violation Section="Root.Diverter.Business.Tasks.CmbAcceptImageForIapsTask.UpdateTaskIapsStatus%AcceptImageFileTask" LineNumber="114" Source="D:\work\hff_workspace\Diverter\Code\Project\Diverter\Diverter.Business\Tasks\CmbAcceptImageForIapsTask.cs" RuleNamespace="StyleCop.CSharp.DocumentationRules" Rule="ElementParametersMustBeDocumented" RuleId="SA1611">The documentation header must contain param tags matching the element's parameter list.</Violation>
  <Violation Section="Root.Diverter.Business.Tasks.CmbAcceptImageForIapsTask._iIapsAdapter" LineNumber="36" Source="D:\work\hff_workspace\Diverter\Code\Project\Diverter\Diverter.Business\Tasks\CmbAcceptImageForIapsTask.cs" RuleNamespace="StyleCop.CSharp.NamingRules" Rule="FieldNamesMustNotUseHungarianNotation" RuleId="SA1305">The variable name '_iIapsAdapter' begins with a prefix that looks like Hungarian notation. Remove the prefix or add it to the list of allowed prefixes.</Violation>
  <Violation Section="Root.Diverter.Business.Tasks.CmbAcceptImageForIapsTask.CmbAcceptImageForIapsTask" LineNumber="40" Source="D:\work\hff_workspace\Diverter\Code\Project\Diverter\Diverter.Business\Tasks\CmbAcceptImageForIapsTask.cs" RuleNamespace="StyleCop.CSharp.NamingRules" Rule="FieldNamesMustNotUseHungarianNotation" RuleId="SA1305">The variable name 'dbContext' begins with a prefix that looks like Hungarian notation. Remove the prefix or add it to the list of allowed prefixes.</Violation>
  <Violation Section="Root.Diverter.Business.Tasks.CmbAcceptImageForIapsTask.CmbAcceptImageForIapsTask%IEntityRepository`AcceptImageFileTask%ITaskLocker%IIapsAdapter" LineNumber="46" Source="D:\work\hff_workspace\Diverter\Code\Project\Diverter\Diverter.Business\Tasks\CmbAcceptImageForIapsTask.cs" RuleNamespace="StyleCop.CSharp.NamingRules" Rule="FieldNamesMustNotUseHungarianNotation" RuleId="SA1305">The variable name 'iIapsAdapter' begins with a prefix that looks like Hungarian notation. Remove the prefix or add it to the list of allowed prefixes.</Violation>
  <Violation Section="Root.Diverter.Business.Tasks.CmbAcceptImageForIapsTask._fileTaskRepository" LineNumber="56" Source="D:\work\hff_workspace\Diverter\Code\Project\Diverter\Diverter.Business\Tasks\CmbAcceptImageForIapsTask.cs" RuleNamespace="StyleCop.CSharp.OrderingRules" Rule="StaticElementsMustAppearBeforeInstanceElements" RuleId="SA1204">All static private fields must be placed before all non-static private fields.</Violation>
  <Violation Section="Root.Diverter.Business.Tasks.CmbAcceptImageForIapsTask.GetAcceptImageFileTasks" LineNumber="95" Source="D:\work\hff_workspace\Diverter\Code\Project\Diverter\Diverter.Business\Tasks\CmbAcceptImageForIapsTask.cs" RuleNamespace="StyleCop.CSharp.OrderingRules" Rule="ElementsMustBeOrderedByAccess" RuleId="SA1202">All internal methods must be placed after all public methods.</Violation>
  <Violation Section="Root.Diverter.Business.Tasks.CmbAcceptImageForIapsTask.LockImageFileTasks" LineNumber="68" Source="D:\work\hff_workspace\Diverter\Code\Project\Diverter\Diverter.Business\Tasks\CmbAcceptImageForIapsTask.cs" RuleNamespace="StyleCop.CSharp.ReadabilityRules" Rule="ParametersMustBeOnSameLineOrSeparateLines" RuleId="SA1117">All method parameters must be placed on the same line, or each parameter must be placed on a separate line.</Violation>
  <Violation Section="Root.Diverter.Business.Tasks.CmbAcceptImageForIapsTask.LockImageFileTasks" LineNumber="68" Source="D:\work\hff_workspace\Diverter\Code\Project\Diverter\Diverter.Business\Tasks\CmbAcceptImageForIapsTask.cs" RuleNamespace="StyleCop.CSharp.ReadabilityRules" Rule="SplitParametersMustStartOnLineAfterDeclaration" RuleId="SA1116">If the method parameters are on separate lines, the first parameter must begin on the line beneath the name of the method.</Violation>
  <Violation Section="Root.Diverter.Business.Tasks.CmbAcceptImageForIapsTask.LockImageFileTasks" LineNumber="69" Source="D:\work\hff_workspace\Diverter\Code\Project\Diverter\Diverter.Business\Tasks\CmbAcceptImageForIapsTask.cs" RuleNamespace="StyleCop.CSharp.ReadabilityRules" Rule="ParameterMustFollowComma" RuleId="SA1115">The parameter must begin on the line after the previous parameter.</Violation>
  <Violation Section="Root.Diverter.Business.Tasks.CmbAcceptImageForIapsTask.CallIaps%AcceptImageFileTask" LineNumber="100" Source="D:\work\hff_workspace\Diverter\Code\Project\Diverter\Diverter.Business\Tasks\CmbAcceptImageForIapsTask.cs" RuleNamespace="StyleCop.CSharp.ReadabilityRules" Rule="UseBuiltInTypeAlias" RuleId="SA1121">Use the built-in type alias 'string' rather than String or System.String.</Violation>
  <Violation Section="Root.Diverter.Business.Tasks.CmbAcceptImageForIapsTask.CallIaps%AcceptImageFileTask" LineNumber="106" Source="D:\work\hff_workspace\Diverter\Code\Project\Diverter\Diverter.Business\Tasks\CmbAcceptImageForIapsTask.cs" RuleNamespace="StyleCop.CSharp.ReadabilityRules" Rule="ParametersMustBeOnSameLineOrSeparateLines" RuleId="SA1117">All method parameters must be placed on the same line, or each parameter must be placed on a separate line.</Violation>
  <Violation Section="Root.Diverter.Business.Tasks.CmbAcceptImageForIapsTask.CallIaps%AcceptImageFileTask" LineNumber="106" Source="D:\work\hff_workspace\Diverter\Code\Project\Diverter\Diverter.Business\Tasks\CmbAcceptImageForIapsTask.cs" RuleNamespace="StyleCop.CSharp.ReadabilityRules" Rule="SplitParametersMustStartOnLineAfterDeclaration" RuleId="SA1116">If the method parameters are on separate lines, the first parameter must begin on the line beneath the name of the method.</Violation>
  <Violation Section="Root.Diverter.Business.Tasks.CmbAcceptImageForIapsTask.CallIaps%AcceptImageFileTask" LineNumber="106" Source="D:\work\hff_workspace\Diverter\Code\Project\Diverter\Diverter.Business\Tasks\CmbAcceptImageForIapsTask.cs" RuleNamespace="StyleCop.CSharp.ReadabilityRules" Rule="ParameterMustFollowComma" RuleId="SA1115">The parameter must begin on the line after the previous parameter.</Violation>
  <Violation Section="Root.Diverter.Business.Tasks.CmbAcceptImageForIapsTask.CallIaps%AcceptImageFileTask" LineNumber="107" Source="D:\work\hff_workspace\Diverter\Code\Project\Diverter\Diverter.Business\Tasks\CmbAcceptImageForIapsTask.cs" RuleNamespace="StyleCop.CSharp.ReadabilityRules" Rule="ParameterMustFollowComma" RuleId="SA1115">The parameter must begin on the line after the previous parameter.</Violation>
  <Violation Section="Root.Diverter.Business.Tasks.CmbAcceptImageTask._fspService" LineNumber="35" Source="D:\work\hff_workspace\Diverter\Code\Project\Diverter\Diverter.Business\Tasks\CmbAcceptImageTask.cs" RuleNamespace="StyleCop.CSharp.DocumentationRules" Rule="ElementsMustBeDocumented" RuleId="SA1600">The field must have a documentation header.</Violation>
  <Violation Section="Root.Diverter.Business.Tasks.CmbAcceptImageTask._fileTaskRepository" LineNumber="36" Source="D:\work\hff_workspace\Diverter\Code\Project\Diverter\Diverter.Business\Tasks\CmbAcceptImageTask.cs" RuleNamespace="StyleCop.CSharp.DocumentationRules" Rule="ElementsMustBeDocumented" RuleId="SA1600">The field must have a documentation header.</Violation>
  <Violation Section="Root.Diverter.Business.Tasks.CmbAcceptImageTask._taskRepository" LineNumber="37" Source="D:\work\hff_workspace\Diverter\Code\Project\Diverter\Diverter.Business\Tasks\CmbAcceptImageTask.cs" RuleNamespace="StyleCop.CSharp.DocumentationRules" Rule="ElementsMustBeDocumented" RuleId="SA1600">The field must have a documentation header.</Violation>
  <Violation Section="Root.Diverter.Business.Tasks.CmbAcceptImageTask._taskLocker" LineNumber="38" Source="D:\work\hff_workspace\Diverter\Code\Project\Diverter\Diverter.Business\Tasks\CmbAcceptImageTask.cs" RuleNamespace="StyleCop.CSharp.DocumentationRules" Rule="ElementsMustBeDocumented" RuleId="SA1600">The field must have a documentation header.</Violation>
  <Violation Section="Root.Diverter.Business.Tasks.CmbAcceptImageTask.CmbAcceptImageTask" LineNumber="40" Source="D:\work\hff_workspace\Diverter\Code\Project\Diverter\Diverter.Business\Tasks\CmbAcceptImageTask.cs" RuleNamespace="StyleCop.CSharp.DocumentationRules" Rule="ElementsMustBeDocumented" RuleId="SA1600">The constructor must have a documentation header.</Violation>
  <Violation Section="Root.Diverter.Business.Tasks.CmbAcceptImageTask.CmbAcceptImageTask%IFspService%IEntityRepository`AcceptImageFileTask%IEntityRepository`AcceptImageTask%ITaskLocker" LineNumber="49" Source="D:\work\hff_workspace\Diverter\Code\Project\Diverter\Diverter.Business\Tasks\CmbAcceptImageTask.cs" RuleNamespace="StyleCop.CSharp.DocumentationRules" Rule="ElementsMustBeDocumented" RuleId="SA1600">The constructor must have a documentation header.</Violation>
  <Violation Section="Root.Diverter.Business.Tasks.CmbAcceptImageTask.CmbAcceptImageTask" LineNumber="42" Source="D:\work\hff_workspace\Diverter\Code\Project\Diverter\Diverter.Business\Tasks\CmbAcceptImageTask.cs" RuleNamespace="StyleCop.CSharp.NamingRules" Rule="FieldNamesMustNotUseHungarianNotation" RuleId="SA1305">The variable name 'dbContext' begins with a prefix that looks like Hungarian notation. Remove the prefix or add it to the list of allowed prefixes.</Violation>
  <Violation Section="Root.Diverter.Business.Tasks.CmbAcceptImageTask._fspService" LineNumber="60" Source="D:\work\hff_workspace\Diverter\Code\Project\Diverter\Diverter.Business\Tasks\CmbAcceptImageTask.cs" RuleNamespace="StyleCop.CSharp.OrderingRules" Rule="StaticElementsMustAppearBeforeInstanceElements" RuleId="SA1204">All static private fields must be placed before all non-static private fields.</Violation>
  <Violation Section="Root.Diverter.Business.Tasks.CmbAcceptImageTask.GetAcceptImageFileTasks" LineNumber="104" Source="D:\work\hff_workspace\Diverter\Code\Project\Diverter\Diverter.Business\Tasks\CmbAcceptImageTask.cs" RuleNamespace="StyleCop.CSharp.OrderingRules" Rule="ElementsMustBeOrderedByAccess" RuleId="SA1202">All internal methods must be placed after all public methods.</Violation>
  <Violation Section="Root.Diverter.Business.Tasks.CmbAcceptImageTask.LockImageFileTasks" LineNumber="73" Source="D:\work\hff_workspace\Diverter\Code\Project\Diverter\Diverter.Business\Tasks\CmbAcceptImageTask.cs" RuleNamespace="StyleCop.CSharp.ReadabilityRules" Rule="ParametersMustBeOnSameLineOrSeparateLines" RuleId="SA1117">All method parameters must be placed on the same line, or each parameter must be placed on a separate line.</Violation>
  <Violation Section="Root.Diverter.Business.Tasks.CmbAcceptImageTask.LockImageFileTasks" LineNumber="73" Source="D:\work\hff_workspace\Diverter\Code\Project\Diverter\Diverter.Business\Tasks\CmbAcceptImageTask.cs" RuleNamespace="StyleCop.CSharp.ReadabilityRules" Rule="SplitParametersMustStartOnLineAfterDeclaration" RuleId="SA1116">If the method parameters are on separate lines, the first parameter must begin on the line beneath the name of the method.</Violation>
  <Violation Section="Root.Diverter.Business.Tasks.CmbAcceptImageTask.LockImageFileTasks" LineNumber="75" Source="D:\work\hff_workspace\Diverter\Code\Project\Diverter\Diverter.Business\Tasks\CmbAcceptImageTask.cs" RuleNamespace="StyleCop.CSharp.ReadabilityRules" Rule="ParameterMustFollowComma" RuleId="SA1115">The parameter must begin on the line after the previous parameter.</Violation>
  <Violation Section="Root.Diverter.Business.Tasks.CmbAcceptImageTask.UpdateTaskStatus%AddImgContentRequest%Dictionary`string`List`string%AcceptImageFileTask" LineNumber="143" Source="D:\work\hff_workspace\Diverter\Code\Project\Diverter\Diverter.Business\Tasks\CmbAcceptImageTask.cs" RuleNamespace="StyleCop.CSharp.ReadabilityRules" Rule="ParametersMustBeOnSameLineOrSeparateLines" RuleId="SA1117">All method parameters must be placed on the same line, or each parameter must be placed on a separate line.</Violation>
  <Violation Section="Root.Diverter.Business.Tasks.CmbAcceptImageTask.UpdateTaskStatus%AddImgContentRequest%Dictionary`string`List`string%AcceptImageFileTask" LineNumber="143" Source="D:\work\hff_workspace\Diverter\Code\Project\Diverter\Diverter.Business\Tasks\CmbAcceptImageTask.cs" RuleNamespace="StyleCop.CSharp.ReadabilityRules" Rule="SplitParametersMustStartOnLineAfterDeclaration" RuleId="SA1116">If the method parameters are on separate lines, the first parameter must begin on the line beneath the name of the method.</Violation>
  <Violation Section="Root.Diverter.Business.Tasks.CmbAcceptImageTask.UpdateTaskStatus%AddImgContentRequest%Dictionary`string`List`string%AcceptImageFileTask" LineNumber="144" Source="D:\work\hff_workspace\Diverter\Code\Project\Diverter\Diverter.Business\Tasks\CmbAcceptImageTask.cs" RuleNamespace="StyleCop.CSharp.ReadabilityRules" Rule="ParameterMustFollowComma" RuleId="SA1115">The parameter must begin on the line after the previous parameter.</Violation>
  <Violation Section="Root.Diverter.Business.Tasks.CmbAppendImageTask._esAdapter" LineNumber="35" Source="D:\work\hff_workspace\Diverter\Code\Project\Diverter\Diverter.Business\Tasks\CmbAppendImageTask.cs" RuleNamespace="StyleCop.CSharp.DocumentationRules" Rule="ElementsMustBeDocumented" RuleId="SA1600">The field must have a documentation header.</Violation>
  <Violation Section="Root.Diverter.Business.Tasks.CmbAppendImageTask._fspService" LineNumber="36" Source="D:\work\hff_workspace\Diverter\Code\Project\Diverter\Diverter.Business\Tasks\CmbAppendImageTask.cs" RuleNamespace="StyleCop.CSharp.DocumentationRules" Rule="ElementsMustBeDocumented" RuleId="SA1600">The field must have a documentation header.</Violation>
  <Violation Section="Root.Diverter.Business.Tasks.CmbAppendImageTask._fileTaskRepository" LineNumber="37" Source="D:\work\hff_workspace\Diverter\Code\Project\Diverter\Diverter.Business\Tasks\CmbAppendImageTask.cs" RuleNamespace="StyleCop.CSharp.DocumentationRules" Rule="ElementsMustBeDocumented" RuleId="SA1600">The field must have a documentation header.</Violation>
  <Violation Section="Root.Diverter.Business.Tasks.CmbAppendImageTask._taskRepository" LineNumber="38" Source="D:\work\hff_workspace\Diverter\Code\Project\Diverter\Diverter.Business\Tasks\CmbAppendImageTask.cs" RuleNamespace="StyleCop.CSharp.DocumentationRules" Rule="ElementsMustBeDocumented" RuleId="SA1600">The field must have a documentation header.</Violation>
  <Violation Section="Root.Diverter.Business.Tasks.CmbAppendImageTask._taskLocker" LineNumber="39" Source="D:\work\hff_workspace\Diverter\Code\Project\Diverter\Diverter.Business\Tasks\CmbAppendImageTask.cs" RuleNamespace="StyleCop.CSharp.DocumentationRules" Rule="ElementsMustBeDocumented" RuleId="SA1600">The field must have a documentation header.</Violation>
  <Violation Section="Root.Diverter.Business.Tasks.CmbAppendImageTask._fileInfoRepository" LineNumber="40" Source="D:\work\hff_workspace\Diverter\Code\Project\Diverter\Diverter.Business\Tasks\CmbAppendImageTask.cs" RuleNamespace="StyleCop.CSharp.DocumentationRules" Rule="ElementsMustBeDocumented" RuleId="SA1600">The field must have a documentation header.</Violation>
  <Violation Section="Root.Diverter.Business.Tasks.CmbAppendImageTask.CmbAppendImageTask" LineNumber="42" Source="D:\work\hff_workspace\Diverter\Code\Project\Diverter\Diverter.Business\Tasks\CmbAppendImageTask.cs" RuleNamespace="StyleCop.CSharp.DocumentationRules" Rule="ElementsMustBeDocumented" RuleId="SA1600">The constructor must have a documentation header.</Violation>
  <Violation Section="Root.Diverter.Business.Tasks.CmbAppendImageTask.CmbAppendImageTask%IElasticSearchAdapter%IFspService%IEntityRepository`AppendImageFileTask%IEntityRepository`AppendImageTask%ITaskLocker" LineNumber="53" Source="D:\work\hff_workspace\Diverter\Code\Project\Diverter\Diverter.Business\Tasks\CmbAppendImageTask.cs" RuleNamespace="StyleCop.CSharp.DocumentationRules" Rule="ElementsMustBeDocumented" RuleId="SA1600">The constructor must have a documentation header.</Violation>
  <Violation Section="Root.Diverter.Business.Tasks.CmbAppendImageTask.InsertFileIdToDb%IEnumerable`ImageFileInfo" LineNumber="190" Source="D:\work\hff_workspace\Diverter\Code\Project\Diverter\Diverter.Business\Tasks\CmbAppendImageTask.cs" RuleNamespace="StyleCop.CSharp.DocumentationRules" Rule="ElementParameterDocumentationMustHaveText" RuleId="SA1614">The documentation text within the param tag for the '&lt;param name="files" /&gt;' parameter must not be empty.</Violation>
  <Violation Section="Root.Diverter.Business.Tasks.CmbAppendImageTask.UpdateTaskStatus%ChannelImageIndex%AppendImageFileTask" LineNumber="200" Source="D:\work\hff_workspace\Diverter\Code\Project\Diverter\Diverter.Business\Tasks\CmbAppendImageTask.cs" RuleNamespace="StyleCop.CSharp.DocumentationRules" Rule="ElementReturnValueMustBeDocumented" RuleId="SA1615">The documentation header must contain a returns tag since the element has a return value.</Violation>
  <Violation Section="Root.Diverter.Business.Tasks.CmbAppendImageTask.UpdateTaskStatus%AppendImageFileTask" LineNumber="237" Source="D:\work\hff_workspace\Diverter\Code\Project\Diverter\Diverter.Business\Tasks\CmbAppendImageTask.cs" RuleNamespace="StyleCop.CSharp.DocumentationRules" Rule="ElementReturnValueMustBeDocumented" RuleId="SA1615">The documentation header must contain a returns tag since the element has a return value.</Violation>
  <Violation Section="Root.Diverter.Business.Tasks.CmbAppendImageTask" LineNumber="167" Source="D:\work\hff_workspace\Diverter\Code\Project\Diverter\Diverter.Business\Tasks\CmbAppendImageTask.cs" RuleNamespace="StyleCop.CSharp.LayoutRules" Rule="CodeMustNotContainMultipleBlankLinesInARow" RuleId="SA1507">The code must not contain multiple blank lines in a row.</Violation>
  <Violation Section="Root.Diverter.Business.Tasks.CmbAppendImageTask._esAdapter" LineNumber="35" Source="D:\work\hff_workspace\Diverter\Code\Project\Diverter\Diverter.Business\Tasks\CmbAppendImageTask.cs" RuleNamespace="StyleCop.CSharp.NamingRules" Rule="FieldNamesMustNotUseHungarianNotation" RuleId="SA1305">The variable name '_esAdapter' begins with a prefix that looks like Hungarian notation. Remove the prefix or add it to the list of allowed prefixes.</Violation>
  <Violation Section="Root.Diverter.Business.Tasks.CmbAppendImageTask.CmbAppendImageTask" LineNumber="44" Source="D:\work\hff_workspace\Diverter\Code\Project\Diverter\Diverter.Business\Tasks\CmbAppendImageTask.cs" RuleNamespace="StyleCop.CSharp.NamingRules" Rule="FieldNamesMustNotUseHungarianNotation" RuleId="SA1305">The variable name 'dbContext' begins with a prefix that looks like Hungarian notation. Remove the prefix or add it to the list of allowed prefixes.</Violation>
  <Violation Section="Root.Diverter.Business.Tasks.CmbAppendImageTask.CmbAppendImageTask%IElasticSearchAdapter%IFspService%IEntityRepository`AppendImageFileTask%IEntityRepository`AppendImageTask%ITaskLocker" LineNumber="53" Source="D:\work\hff_workspace\Diverter\Code\Project\Diverter\Diverter.Business\Tasks\CmbAppendImageTask.cs" RuleNamespace="StyleCop.CSharp.NamingRules" Rule="FieldNamesMustNotUseHungarianNotation" RuleId="SA1305">The variable name 'esAdapter' begins with a prefix that looks like Hungarian notation. Remove the prefix or add it to the list of allowed prefixes.</Violation>
  <Violation Section="Root.Diverter.Business.Tasks.CmbAppendImageTask._esAdapter" LineNumber="65" Source="D:\work\hff_workspace\Diverter\Code\Project\Diverter\Diverter.Business\Tasks\CmbAppendImageTask.cs" RuleNamespace="StyleCop.CSharp.OrderingRules" Rule="StaticElementsMustAppearBeforeInstanceElements" RuleId="SA1204">All static private fields must be placed before all non-static private fields.</Violation>
  <Violation Section="Root.Diverter.Business.Tasks.CmbAppendImageTask.LockImageFileTasks" LineNumber="80" Source="D:\work\hff_workspace\Diverter\Code\Project\Diverter\Diverter.Business\Tasks\CmbAppendImageTask.cs" RuleNamespace="StyleCop.CSharp.ReadabilityRules" Rule="ParametersMustBeOnSameLineOrSeparateLines" RuleId="SA1117">All method parameters must be placed on the same line, or each parameter must be placed on a separate line.</Violation>
  <Violation Section="Root.Diverter.Business.Tasks.CmbAppendImageTask.LockImageFileTasks" LineNumber="80" Source="D:\work\hff_workspace\Diverter\Code\Project\Diverter\Diverter.Business\Tasks\CmbAppendImageTask.cs" RuleNamespace="StyleCop.CSharp.ReadabilityRules" Rule="SplitParametersMustStartOnLineAfterDeclaration" RuleId="SA1116">If the method parameters are on separate lines, the first parameter must begin on the line beneath the name of the method.</Violation>
  <Violation Section="Root.Diverter.Business.Tasks.CmbAppendImageTask.LockImageFileTasks" LineNumber="82" Source="D:\work\hff_workspace\Diverter\Code\Project\Diverter\Diverter.Business\Tasks\CmbAppendImageTask.cs" RuleNamespace="StyleCop.CSharp.ReadabilityRules" Rule="ParameterMustFollowComma" RuleId="SA1115">The parameter must begin on the line after the previous parameter.</Violation>
  <Violation Section="Root.Diverter.Business.Tasks.CmbAppendImageTask.AppendImage%AppendImageFileTask" LineNumber="122" Source="D:\work\hff_workspace\Diverter\Code\Project\Diverter\Diverter.Business\Tasks\CmbAppendImageTask.cs" RuleNamespace="StyleCop.CSharp.ReadabilityRules" Rule="ParametersMustBeOnSameLineOrSeparateLines" RuleId="SA1117">All method parameters must be placed on the same line, or each parameter must be placed on a separate line.</Violation>
  <Violation Section="Root.Diverter.Business.Tasks.CmbAppendImageTask.AppendImage%AppendImageFileTask" LineNumber="122" Source="D:\work\hff_workspace\Diverter\Code\Project\Diverter\Diverter.Business\Tasks\CmbAppendImageTask.cs" RuleNamespace="StyleCop.CSharp.ReadabilityRules" Rule="SplitParametersMustStartOnLineAfterDeclaration" RuleId="SA1116">If the method parameters are on separate lines, the first parameter must begin on the line beneath the name of the method.</Violation>
  <Violation Section="Root.Diverter.Business.Tasks.CmbAppendImageTask.AppendImage%AppendImageFileTask" LineNumber="122" Source="D:\work\hff_workspace\Diverter\Code\Project\Diverter\Diverter.Business\Tasks\CmbAppendImageTask.cs" RuleNamespace="StyleCop.CSharp.ReadabilityRules" Rule="ParameterMustFollowComma" RuleId="SA1115">The parameter must begin on the line after the previous parameter.</Violation>
  <Violation Section="Root.Diverter.Business.Tasks.CmbAppendImageTask.AppendImage%AppendImageFileTask" LineNumber="123" Source="D:\work\hff_workspace\Diverter\Code\Project\Diverter\Diverter.Business\Tasks\CmbAppendImageTask.cs" RuleNamespace="StyleCop.CSharp.ReadabilityRules" Rule="ParameterMustFollowComma" RuleId="SA1115">The parameter must begin on the line after the previous parameter.</Violation>
  <Violation Section="Root.Diverter.Business.Tasks.HuiheIapsTask" LineNumber="29" Source="D:\work\hff_workspace\Diverter\Code\Project\Diverter\Diverter.Business\Tasks\HuiheIapsTask.cs" RuleNamespace="StyleCop.CSharp.DocumentationRules" Rule="ElementsMustBeDocumented" RuleId="SA1600">The class must have a documentation header.</Violation>
  <Violation Section="Root.Diverter.Business.Tasks.HuiheIapsTask._fileTaskRepository" LineNumber="31" Source="D:\work\hff_workspace\Diverter\Code\Project\Diverter\Diverter.Business\Tasks\HuiheIapsTask.cs" RuleNamespace="StyleCop.CSharp.DocumentationRules" Rule="ElementsMustBeDocumented" RuleId="SA1600">The field must have a documentation header.</Violation>
  <Violation Section="Root.Diverter.Business.Tasks.HuiheIapsTask._taskLocker" LineNumber="32" Source="D:\work\hff_workspace\Diverter\Code\Project\Diverter\Diverter.Business\Tasks\HuiheIapsTask.cs" RuleNamespace="StyleCop.CSharp.DocumentationRules" Rule="ElementsMustBeDocumented" RuleId="SA1600">The field must have a documentation header.</Violation>
  <Violation Section="Root.Diverter.Business.Tasks.HuiheIapsTask._iIapsAdapter" LineNumber="33" Source="D:\work\hff_workspace\Diverter\Code\Project\Diverter\Diverter.Business\Tasks\HuiheIapsTask.cs" RuleNamespace="StyleCop.CSharp.DocumentationRules" Rule="ElementsMustBeDocumented" RuleId="SA1600">The field must have a documentation header.</Violation>
  <Violation Section="Root.Diverter.Business.Tasks.HuiheIapsTask.HuiheIapsTask" LineNumber="35" Source="D:\work\hff_workspace\Diverter\Code\Project\Diverter\Diverter.Business\Tasks\HuiheIapsTask.cs" RuleNamespace="StyleCop.CSharp.DocumentationRules" Rule="ElementsMustBeDocumented" RuleId="SA1600">The constructor must have a documentation header.</Violation>
  <Violation Section="Root.Diverter.Business.Tasks.HuiheIapsTask.HuiheIapsTask%IEntityRepository`AppendImageFileTask%ITaskLocker%IIapsAdapter" LineNumber="43" Source="D:\work\hff_workspace\Diverter\Code\Project\Diverter\Diverter.Business\Tasks\HuiheIapsTask.cs" RuleNamespace="StyleCop.CSharp.DocumentationRules" Rule="ElementsMustBeDocumented" RuleId="SA1600">The constructor must have a documentation header.</Violation>
  <Violation Section="Root.Diverter.Business.Tasks.HuiheIapsTask.UpdateTaskIapsStatus%AppendImageFileTask" LineNumber="110" Source="D:\work\hff_workspace\Diverter\Code\Project\Diverter\Diverter.Business\Tasks\HuiheIapsTask.cs" RuleNamespace="StyleCop.CSharp.DocumentationRules" Rule="ElementParametersMustBeDocumented" RuleId="SA1611">The documentation header must contain param tags matching the element's parameter list.</Violation>
  <Violation Section="Root.Diverter.Business.Tasks.HuiheIapsTask._iIapsAdapter" LineNumber="33" Source="D:\work\hff_workspace\Diverter\Code\Project\Diverter\Diverter.Business\Tasks\HuiheIapsTask.cs" RuleNamespace="StyleCop.CSharp.NamingRules" Rule="FieldNamesMustNotUseHungarianNotation" RuleId="SA1305">The variable name '_iIapsAdapter' begins with a prefix that looks like Hungarian notation. Remove the prefix or add it to the list of allowed prefixes.</Violation>
  <Violation Section="Root.Diverter.Business.Tasks.HuiheIapsTask.HuiheIapsTask" LineNumber="37" Source="D:\work\hff_workspace\Diverter\Code\Project\Diverter\Diverter.Business\Tasks\HuiheIapsTask.cs" RuleNamespace="StyleCop.CSharp.NamingRules" Rule="FieldNamesMustNotUseHungarianNotation" RuleId="SA1305">The variable name 'dbContext' begins with a prefix that looks like Hungarian notation. Remove the prefix or add it to the list of allowed prefixes.</Violation>
  <Violation Section="Root.Diverter.Business.Tasks.HuiheIapsTask.HuiheIapsTask%IEntityRepository`AppendImageFileTask%ITaskLocker%IIapsAdapter" LineNumber="43" Source="D:\work\hff_workspace\Diverter\Code\Project\Diverter\Diverter.Business\Tasks\HuiheIapsTask.cs" RuleNamespace="StyleCop.CSharp.NamingRules" Rule="FieldNamesMustNotUseHungarianNotation" RuleId="SA1305">The variable name 'iIapsAdapter' begins with a prefix that looks like Hungarian notation. Remove the prefix or add it to the list of allowed prefixes.</Violation>
  <Violation Section="Root.Diverter.Business.Tasks.HuiheIapsTask._fileTaskRepository" LineNumber="53" Source="D:\work\hff_workspace\Diverter\Code\Project\Diverter\Diverter.Business\Tasks\HuiheIapsTask.cs" RuleNamespace="StyleCop.CSharp.OrderingRules" Rule="StaticElementsMustAppearBeforeInstanceElements" RuleId="SA1204">All static private fields must be placed before all non-static private fields.</Violation>
  <Violation Section="Root.Diverter.Business.Tasks.HuiheIapsTask.GetAppendImageFileTasks" LineNumber="92" Source="D:\work\hff_workspace\Diverter\Code\Project\Diverter\Diverter.Business\Tasks\HuiheIapsTask.cs" RuleNamespace="StyleCop.CSharp.OrderingRules" Rule="ElementsMustBeOrderedByAccess" RuleId="SA1202">All internal methods must be placed after all public methods.</Violation>
  <Violation Section="Root.Diverter.Business.Tasks.HuiheIapsTask.LockImageFileTasks" LineNumber="65" Source="D:\work\hff_workspace\Diverter\Code\Project\Diverter\Diverter.Business\Tasks\HuiheIapsTask.cs" RuleNamespace="StyleCop.CSharp.ReadabilityRules" Rule="ParametersMustBeOnSameLineOrSeparateLines" RuleId="SA1117">All method parameters must be placed on the same line, or each parameter must be placed on a separate line.</Violation>
  <Violation Section="Root.Diverter.Business.Tasks.HuiheIapsTask.LockImageFileTasks" LineNumber="65" Source="D:\work\hff_workspace\Diverter\Code\Project\Diverter\Diverter.Business\Tasks\HuiheIapsTask.cs" RuleNamespace="StyleCop.CSharp.ReadabilityRules" Rule="SplitParametersMustStartOnLineAfterDeclaration" RuleId="SA1116">If the method parameters are on separate lines, the first parameter must begin on the line beneath the name of the method.</Violation>
  <Violation Section="Root.Diverter.Business.Tasks.HuiheIapsTask.LockImageFileTasks" LineNumber="66" Source="D:\work\hff_workspace\Diverter\Code\Project\Diverter\Diverter.Business\Tasks\HuiheIapsTask.cs" RuleNamespace="StyleCop.CSharp.ReadabilityRules" Rule="ParameterMustFollowComma" RuleId="SA1115">The parameter must begin on the line after the previous parameter.</Violation>
  <Violation Section="Root.Diverter.Business.Tasks.HuiheIapsTask.CallIaps%AppendImageFileTask" LineNumber="96" Source="D:\work\hff_workspace\Diverter\Code\Project\Diverter\Diverter.Business\Tasks\HuiheIapsTask.cs" RuleNamespace="StyleCop.CSharp.ReadabilityRules" Rule="UseBuiltInTypeAlias" RuleId="SA1121">Use the built-in type alias 'string' rather than String or System.String.</Violation>
  <Violation Section="Root.Diverter.Business.Tasks.HuiheIapsTask.CallIaps%AppendImageFileTask" LineNumber="102" Source="D:\work\hff_workspace\Diverter\Code\Project\Diverter\Diverter.Business\Tasks\HuiheIapsTask.cs" RuleNamespace="StyleCop.CSharp.ReadabilityRules" Rule="ParametersMustBeOnSameLineOrSeparateLines" RuleId="SA1117">All method parameters must be placed on the same line, or each parameter must be placed on a separate line.</Violation>
  <Violation Section="Root.Diverter.Business.Tasks.HuiheIapsTask.CallIaps%AppendImageFileTask" LineNumber="102" Source="D:\work\hff_workspace\Diverter\Code\Project\Diverter\Diverter.Business\Tasks\HuiheIapsTask.cs" RuleNamespace="StyleCop.CSharp.ReadabilityRules" Rule="SplitParametersMustStartOnLineAfterDeclaration" RuleId="SA1116">If the method parameters are on separate lines, the first parameter must begin on the line beneath the name of the method.</Violation>
  <Violation Section="Root.Diverter.Business.Tasks.HuiheIapsTask.CallIaps%AppendImageFileTask" LineNumber="102" Source="D:\work\hff_workspace\Diverter\Code\Project\Diverter\Diverter.Business\Tasks\HuiheIapsTask.cs" RuleNamespace="StyleCop.CSharp.ReadabilityRules" Rule="ParameterMustFollowComma" RuleId="SA1115">The parameter must begin on the line after the previous parameter.</Violation>
  <Violation Section="Root.Diverter.Business.Tasks.HuiheIapsTask.CallIaps%AppendImageFileTask" LineNumber="103" Source="D:\work\hff_workspace\Diverter\Code\Project\Diverter\Diverter.Business\Tasks\HuiheIapsTask.cs" RuleNamespace="StyleCop.CSharp.ReadabilityRules" Rule="ParameterMustFollowComma" RuleId="SA1115">The parameter must begin on the line after the previous parameter.</Violation>
</StyleCopViolations>