<StyleCopViolations>
  <Violation LineNumber="56" Source="D:\work\hff_workspace\Diverter\Code\Project\Diverter\Diverter.Common\Helper\HttpHelper.cs" RuleNamespace="StyleCop.CSharp.LayoutRules" Rule="ClosingCurlyBracketMustBeFollowedByBlankLine" RuleId="SA1513">Statements or elements wrapped in curly brackets must be followed by a blank line.</Violation>
  <Violation LineNumber="34" StartLine="34" StartColumn="47" EndLine="34" EndColumn="47" Source="D:\work\hff_workspace\Diverter\Code\Project\Diverter\Diverter.Common\Helper\HttpHelper.cs" RuleNamespace="StyleCop.CSharp.SpacingRules" Rule="ClosingParenthesisMustBeSpacedCorrectly" RuleId="SA1009">Invalid spacing around the closing parenthesis.</Violation>
  <Violation LineNumber="41" StartLine="41" StartColumn="56" EndLine="41" EndColumn="56" Source="D:\work\hff_workspace\Diverter\Code\Project\Diverter\Diverter.Common\Helper\HttpHelper.cs" RuleNamespace="StyleCop.CSharp.SpacingRules" Rule="ClosingParenthesisMustBeSpacedCorrectly" RuleId="SA1009">Invalid spacing around the closing parenthesis.</Violation>
  <Violation LineNumber="17" Source="D:\work\hff_workspace\Diverter\Code\Project\Diverter\Diverter.Common\Helper\JsonHelper.cs" RuleNamespace="StyleCop.CSharp.DocumentationRules" Rule="ElementsMustBeDocumented" RuleId="SA1600">The class must have a documentation header.</Violation>
  <Violation LineNumber="24" Source="D:\work\hff_workspace\Diverter\Code\Project\Diverter\Diverter.Common\Helper\JsonHelper.cs" RuleNamespace="StyleCop.CSharp.DocumentationRules" Rule="ElementReturnValueDocumentationMustHaveText" RuleId="SA1616">The returns section in the documentation header must not be empty.</Violation>
  <Violation LineNumber="24" Source="D:\work\hff_workspace\Diverter\Code\Project\Diverter\Diverter.Common\Helper\JsonHelper.cs" RuleNamespace="StyleCop.CSharp.DocumentationRules" Rule="GenericTypeParametersMustBeDocumented" RuleId="SA1618">The documentation header must contain typeparam tags matching the generic types for the method.</Violation>
  <Violation LineNumber="29" Source="D:\work\hff_workspace\Diverter\Code\Project\Diverter\Diverter.Common\Helper\JsonHelper.cs" RuleNamespace="StyleCop.CSharp.LayoutRules" Rule="ClosingCurlyBracketMustBeFollowedByBlankLine" RuleId="SA1513">Statements or elements wrapped in curly brackets must be followed by a blank line.</Violation>
  <Violation LineNumber="38" Source="D:\work\hff_workspace\Diverter\Code\Project\Diverter\Diverter.Common\Helper\JsonHelper.cs" RuleNamespace="StyleCop.CSharp.DocumentationRules" Rule="ElementParametersMustBeDocumented" RuleId="SA1611">The documentation header must contain param tags matching the element's parameter list.</Violation>
  <Violation LineNumber="43" Source="D:\work\hff_workspace\Diverter\Code\Project\Diverter\Diverter.Common\Helper\JsonHelper.cs" RuleNamespace="StyleCop.CSharp.LayoutRules" Rule="ClosingCurlyBracketMustBeFollowedByBlankLine" RuleId="SA1513">Statements or elements wrapped in curly brackets must be followed by a blank line.</Violation>
  <Violation LineNumber="54" Source="D:\work\hff_workspace\Diverter\Code\Project\Diverter\Diverter.Common\Helper\JsonHelper.cs" RuleNamespace="StyleCop.CSharp.ReadabilityRules" Rule="ParametersMustBeOnSameLineOrSeparateLines" RuleId="SA1117">All method parameters must be placed on the same line, or each parameter must be placed on a separate line.</Violation>
  <Violation LineNumber="54" Source="D:\work\hff_workspace\Diverter\Code\Project\Diverter\Diverter.Common\Helper\JsonHelper.cs" RuleNamespace="StyleCop.CSharp.ReadabilityRules" Rule="SplitParametersMustStartOnLineAfterDeclaration" RuleId="SA1116">If the method parameters are on separate lines, the first parameter must begin on the line beneath the name of the method.</Violation>
  <Violation LineNumber="54" Source="D:\work\hff_workspace\Diverter\Code\Project\Diverter\Diverter.Common\Helper\JsonHelper.cs" RuleNamespace="StyleCop.CSharp.ReadabilityRules" Rule="ParameterMustFollowComma" RuleId="SA1115">The parameter must begin on the line after the previous parameter.</Violation>
  <Violation LineNumber="55" StartLine="55" StartColumn="45" EndLine="55" EndColumn="45" Source="D:\work\hff_workspace\Diverter\Code\Project\Diverter\Diverter.Common\Helper\JsonHelper.cs" RuleNamespace="StyleCop.CSharp.SpacingRules" Rule="OpeningCurlyBracketsMustBeSpacedCorrectly" RuleId="SA1012">Invalid spacing around the opening curly bracket.</Violation>
  <Violation LineNumber="55" StartLine="55" StartColumn="109" EndLine="55" EndColumn="109" Source="D:\work\hff_workspace\Diverter\Code\Project\Diverter\Diverter.Common\Helper\JsonHelper.cs" RuleNamespace="StyleCop.CSharp.SpacingRules" Rule="ClosingParenthesisMustBeSpacedCorrectly" RuleId="SA1009">Invalid spacing around the closing parenthesis.</Violation>
  <Violation LineNumber="55" StartLine="55" StartColumn="109" EndLine="55" EndColumn="109" Source="D:\work\hff_workspace\Diverter\Code\Project\Diverter\Diverter.Common\Helper\JsonHelper.cs" RuleNamespace="StyleCop.CSharp.SpacingRules" Rule="ClosingCurlyBracketsMustBeSpacedCorrectly" RuleId="SA1013">Invalid spacing around the closing curly bracket.</Violation>
  <Violation LineNumber="17" Source="D:\work\hff_workspace\Diverter\Code\Project\Diverter\Diverter.Common\Properties\AssemblyInfo.cs" RuleNamespace="StyleCop.CSharp.LayoutRules" Rule="SingleLineCommentsMustNotBeFollowedByBlankLine" RuleId="SA1512">A single-line comment must not be followed by a blank line. To ignore this error when commenting out a line of code, begin the comment with '////' rather than '//'.</Violation>
  <Violation LineNumber="30" Source="D:\work\hff_workspace\Diverter\Code\Project\Diverter\Diverter.Common\Properties\AssemblyInfo.cs" RuleNamespace="StyleCop.CSharp.LayoutRules" Rule="SingleLineCommentsMustNotBeFollowedByBlankLine" RuleId="SA1512">A single-line comment must not be followed by a blank line. To ignore this error when commenting out a line of code, begin the comment with '////' rather than '//'.</Violation>
  <Violation LineNumber="34" Source="D:\work\hff_workspace\Diverter\Code\Project\Diverter\Diverter.Common\Properties\AssemblyInfo.cs" RuleNamespace="StyleCop.CSharp.LayoutRules" Rule="SingleLineCommentsMustNotBeFollowedByBlankLine" RuleId="SA1512">A single-line comment must not be followed by a blank line. To ignore this error when commenting out a line of code, begin the comment with '////' rather than '//'.</Violation>
  <Violation LineNumber="47" Source="D:\work\hff_workspace\Diverter\Code\Project\Diverter\Diverter.Common\Properties\AssemblyInfo.cs" RuleNamespace="StyleCop.CSharp.LayoutRules" Rule="SingleLineCommentsMustNotBeFollowedByBlankLine" RuleId="SA1512">A single-line comment must not be followed by a blank line. To ignore this error when commenting out a line of code, begin the comment with '////' rather than '//'.</Violation>
</StyleCopViolations>