<StyleCopViolations>
  <Violation LineNumber="21" Source="D:\work\hff_workspace\Diverter\Code\Project\Diverter\Diverter.ExternalService\ElasticSearchAdapter.cs" RuleNamespace="StyleCop.CSharp.DocumentationRules" Rule="ElementsMustBeDocumented" RuleId="SA1600">The class must have a documentation header.</Violation>
  <Violation LineNumber="28" Source="D:\work\hff_workspace\Diverter\Code\Project\Diverter\Diverter.ExternalService\ElasticSearchAdapter.cs" RuleNamespace="StyleCop.CSharp.DocumentationRules" Rule="ElementsMustBeDocumented" RuleId="SA1600">The method must have a documentation header.</Violation>
  <Violation LineNumber="16" Source="D:\work\hff_workspace\Diverter\Code\Project\Diverter\Diverter.ExternalService\Entity\Request\AddImageChannelInfo.cs" RuleNamespace="StyleCop.CSharp.DocumentationRules" Rule="ElementsMustBeDocumented" RuleId="SA1600">The class must have a documentation header.</Violation>
  <Violation LineNumber="17" Source="D:\work\hff_workspace\Diverter\Code\Project\Diverter\Diverter.ExternalService\Entity\Request\AddImageIndexData.cs" RuleNamespace="StyleCop.CSharp.DocumentationRules" Rule="ElementsMustBeDocumented" RuleId="SA1600">The class must have a documentation header.</Violation>
  <Violation LineNumber="14" Source="D:\work\hff_workspace\Diverter\Code\Project\Diverter\Diverter.ExternalService\Entity\Request\AddImageRequest.cs" RuleNamespace="StyleCop.CSharp.DocumentationRules" Rule="ElementsMustBeDocumented" RuleId="SA1600">The class must have a documentation header.</Violation>
  <Violation LineNumber="14" Source="D:\work\hff_workspace\Diverter\Code\Project\Diverter\Diverter.ExternalService\Entity\Response\AddImageResponse.cs" RuleNamespace="StyleCop.CSharp.DocumentationRules" Rule="ElementsMustBeDocumented" RuleId="SA1600">The class must have a documentation header.</Violation>
  <Violation LineNumber="16" Source="D:\work\hff_workspace\Diverter\Code\Project\Diverter\Diverter.ExternalService\Entity\Response\GetIndexDataResponse.cs" RuleNamespace="StyleCop.CSharp.DocumentationRules" Rule="ElementsMustBeDocumented" RuleId="SA1600">The class must have a documentation header.</Violation>
  <Violation LineNumber="18" Source="D:\work\hff_workspace\Diverter\Code\Project\Diverter\Diverter.ExternalService\Entity\Response\GetIndexDataResponse.cs" RuleNamespace="StyleCop.CSharp.DocumentationRules" Rule="ElementsMustBeDocumented" RuleId="SA1600">The property must have a documentation header.</Violation>
  <Violation LineNumber="20" Source="D:\work\hff_workspace\Diverter\Code\Project\Diverter\Diverter.ExternalService\Entity\Response\GetIndexDataResponse.cs" RuleNamespace="StyleCop.CSharp.DocumentationRules" Rule="ElementsMustBeDocumented" RuleId="SA1600">The property must have a documentation header.</Violation>
  <Violation LineNumber="22" Source="D:\work\hff_workspace\Diverter\Code\Project\Diverter\Diverter.ExternalService\Entity\Response\GetIndexDataResponse.cs" RuleNamespace="StyleCop.CSharp.DocumentationRules" Rule="ElementsMustBeDocumented" RuleId="SA1600">The property must have a documentation header.</Violation>
  <Violation LineNumber="24" Source="D:\work\hff_workspace\Diverter\Code\Project\Diverter\Diverter.ExternalService\Entity\Response\GetIndexDataResponse.cs" RuleNamespace="StyleCop.CSharp.DocumentationRules" Rule="ElementsMustBeDocumented" RuleId="SA1600">The property must have a documentation header.</Violation>
  <Violation LineNumber="26" Source="D:\work\hff_workspace\Diverter\Code\Project\Diverter\Diverter.ExternalService\Entity\Response\GetIndexDataResponse.cs" RuleNamespace="StyleCop.CSharp.DocumentationRules" Rule="ElementsMustBeDocumented" RuleId="SA1600">The property must have a documentation header.</Violation>
  <Violation LineNumber="26" Source="D:\work\hff_workspace\Diverter\Code\Project\Diverter\Diverter.ExternalService\Entity\Response\GetIndexDataResponse.cs" RuleNamespace="StyleCop.CSharp.NamingRules" Rule="ElementMustBeginWithUpperCaseLetter" RuleId="SA1300">property names begin with an upper-case letter: found.</Violation>
  <Violation LineNumber="28" Source="D:\work\hff_workspace\Diverter\Code\Project\Diverter\Diverter.ExternalService\Entity\Response\GetIndexDataResponse.cs" RuleNamespace="StyleCop.CSharp.DocumentationRules" Rule="ElementsMustBeDocumented" RuleId="SA1600">The property must have a documentation header.</Violation>
  <Violation LineNumber="14" Source="D:\work\hff_workspace\Diverter\Code\Project\Diverter\Diverter.ExternalService\Entity\Response\GetTokenResponse.cs" RuleNamespace="StyleCop.CSharp.DocumentationRules" Rule="ElementsMustBeDocumented" RuleId="SA1600">The class must have a documentation header.</Violation>
  <Violation LineNumber="14" Source="D:\work\hff_workspace\Diverter\Code\Project\Diverter\Diverter.ExternalService\Entity\Response\TokenInfo.cs" RuleNamespace="StyleCop.CSharp.DocumentationRules" Rule="ElementsMustBeDocumented" RuleId="SA1600">The class must have a documentation header.</Violation>
  <Violation LineNumber="16" Source="D:\work\hff_workspace\Diverter\Code\Project\Diverter\Diverter.ExternalService\Entity\Response\TokenInfo.cs" RuleNamespace="StyleCop.CSharp.DocumentationRules" Rule="ElementsMustBeDocumented" RuleId="SA1600">The property must have a documentation header.</Violation>
  <Violation LineNumber="18" Source="D:\work\hff_workspace\Diverter\Code\Project\Diverter\Diverter.ExternalService\Entity\Response\TokenInfo.cs" RuleNamespace="StyleCop.CSharp.DocumentationRules" Rule="ElementsMustBeDocumented" RuleId="SA1600">The property must have a documentation header.</Violation>
  <Violation LineNumber="82" Source="D:\work\hff_workspace\Diverter\Code\Project\Diverter\Diverter.ExternalService\FspAdapter.cs" RuleNamespace="StyleCop.CSharp.ReadabilityRules" Rule="ParametersMustBeOnSameLineOrSeparateLines" RuleId="SA1117">All method parameters must be placed on the same line, or each parameter must be placed on a separate line.</Violation>
  <Violation LineNumber="82" Source="D:\work\hff_workspace\Diverter\Code\Project\Diverter\Diverter.ExternalService\FspAdapter.cs" RuleNamespace="StyleCop.CSharp.ReadabilityRules" Rule="SplitParametersMustStartOnLineAfterDeclaration" RuleId="SA1116">If the method parameters are on separate lines, the first parameter must begin on the line beneath the name of the method.</Violation>
  <Violation LineNumber="82" Source="D:\work\hff_workspace\Diverter\Code\Project\Diverter\Diverter.ExternalService\FspAdapter.cs" RuleNamespace="StyleCop.CSharp.ReadabilityRules" Rule="ParameterMustFollowComma" RuleId="SA1115">The parameter must begin on the line after the previous parameter.</Violation>
  <Violation LineNumber="83" Source="D:\work\hff_workspace\Diverter\Code\Project\Diverter\Diverter.ExternalService\FspAdapter.cs" RuleNamespace="StyleCop.CSharp.ReadabilityRules" Rule="ParameterMustFollowComma" RuleId="SA1115">The parameter must begin on the line after the previous parameter.</Violation>
  <Violation LineNumber="56" Source="D:\work\hff_workspace\Diverter\Code\Project\Diverter\Diverter.ExternalService\IapsAdapter.cs" RuleNamespace="StyleCop.CSharp.DocumentationRules" Rule="ElementReturnValueMustBeDocumented" RuleId="SA1615">The documentation header must contain a returns tag since the element has a return value.</Violation>
  <Violation LineNumber="80" Source="D:\work\hff_workspace\Diverter\Code\Project\Diverter\Diverter.ExternalService\IapsAdapter.cs" RuleNamespace="StyleCop.CSharp.DocumentationRules" Rule="ElementReturnValueMustBeDocumented" RuleId="SA1615">The documentation header must contain a returns tag since the element has a return value.</Violation>
  <Violation LineNumber="105" Source="D:\work\hff_workspace\Diverter\Code\Project\Diverter\Diverter.ExternalService\IapsAdapter.cs" RuleNamespace="StyleCop.CSharp.ReadabilityRules" Rule="ParametersMustBeOnSameLineOrSeparateLines" RuleId="SA1117">All method parameters must be placed on the same line, or each parameter must be placed on a separate line.</Violation>
  <Violation LineNumber="105" Source="D:\work\hff_workspace\Diverter\Code\Project\Diverter\Diverter.ExternalService\IapsAdapter.cs" RuleNamespace="StyleCop.CSharp.ReadabilityRules" Rule="SplitParametersMustStartOnLineAfterDeclaration" RuleId="SA1116">If the method parameters are on separate lines, the first parameter must begin on the line beneath the name of the method.</Violation>
  <Violation LineNumber="105" Source="D:\work\hff_workspace\Diverter\Code\Project\Diverter\Diverter.ExternalService\IapsAdapter.cs" RuleNamespace="StyleCop.CSharp.ReadabilityRules" Rule="ParameterMustFollowComma" RuleId="SA1115">The parameter must begin on the line after the previous parameter.</Violation>
  <Violation LineNumber="106" Source="D:\work\hff_workspace\Diverter\Code\Project\Diverter\Diverter.ExternalService\IapsAdapter.cs" RuleNamespace="StyleCop.CSharp.ReadabilityRules" Rule="ParameterMustFollowComma" RuleId="SA1115">The parameter must begin on the line after the previous parameter.</Violation>
  <Violation LineNumber="110" Source="D:\work\hff_workspace\Diverter\Code\Project\Diverter\Diverter.ExternalService\IapsAdapter.cs" RuleNamespace="StyleCop.CSharp.ReadabilityRules" Rule="ParametersMustBeOnSameLineOrSeparateLines" RuleId="SA1117">All method parameters must be placed on the same line, or each parameter must be placed on a separate line.</Violation>
  <Violation LineNumber="110" Source="D:\work\hff_workspace\Diverter\Code\Project\Diverter\Diverter.ExternalService\IapsAdapter.cs" RuleNamespace="StyleCop.CSharp.ReadabilityRules" Rule="SplitParametersMustStartOnLineAfterDeclaration" RuleId="SA1116">If the method parameters are on separate lines, the first parameter must begin on the line beneath the name of the method.</Violation>
  <Violation LineNumber="110" Source="D:\work\hff_workspace\Diverter\Code\Project\Diverter\Diverter.ExternalService\IapsAdapter.cs" RuleNamespace="StyleCop.CSharp.ReadabilityRules" Rule="ParameterMustFollowComma" RuleId="SA1115">The parameter must begin on the line after the previous parameter.</Violation>
  <Violation LineNumber="111" Source="D:\work\hff_workspace\Diverter\Code\Project\Diverter\Diverter.ExternalService\IapsAdapter.cs" RuleNamespace="StyleCop.CSharp.ReadabilityRules" Rule="ParameterMustFollowComma" RuleId="SA1115">The parameter must begin on the line after the previous parameter.</Violation>
  <Violation LineNumber="62" Source="D:\work\hff_workspace\Diverter\Code\Project\Diverter\Diverter.ExternalService\ImageSystemAdapter.cs" RuleNamespace="StyleCop.CSharp.LayoutRules" Rule="ClosingCurlyBracketsMustNotBePrecededByBlankLine" RuleId="SA1508">A closing curly bracket must not be preceded by a blank line.</Violation>
  <Violation LineNumber="41" Source="D:\work\hff_workspace\Diverter\Code\Project\Diverter\Diverter.ExternalService\ImageSystemAdapter.cs" RuleNamespace="StyleCop.CSharp.ReadabilityRules" Rule="ParametersMustBeOnSameLineOrSeparateLines" RuleId="SA1117">All method parameters must be placed on the same line, or each parameter must be placed on a separate line.</Violation>
  <Violation LineNumber="41" Source="D:\work\hff_workspace\Diverter\Code\Project\Diverter\Diverter.ExternalService\ImageSystemAdapter.cs" RuleNamespace="StyleCop.CSharp.ReadabilityRules" Rule="SplitParametersMustStartOnLineAfterDeclaration" RuleId="SA1116">If the method parameters are on separate lines, the first parameter must begin on the line beneath the name of the method.</Violation>
  <Violation LineNumber="42" Source="D:\work\hff_workspace\Diverter\Code\Project\Diverter\Diverter.ExternalService\ImageSystemAdapter.cs" RuleNamespace="StyleCop.CSharp.ReadabilityRules" Rule="ParameterMustFollowComma" RuleId="SA1115">The parameter must begin on the line after the previous parameter.</Violation>
  <Violation LineNumber="48" StartLine="48" StartColumn="99" EndLine="48" EndColumn="99" Source="D:\work\hff_workspace\Diverter\Code\Project\Diverter\Diverter.ExternalService\ImageSystemAdapter.cs" RuleNamespace="StyleCop.CSharp.SpacingRules" Rule="CommasMustBeSpacedCorrectly" RuleId="SA1001">Invalid spacing around the comma.</Violation>
  <Violation LineNumber="19" Source="D:\work\hff_workspace\Diverter\Code\Project\Diverter\Diverter.ExternalService\Interface\IElasticSearchAdapter.cs" RuleNamespace="StyleCop.CSharp.DocumentationRules" Rule="ElementsMustBeDocumented" RuleId="SA1600">The interface must have a documentation header.</Violation>
  <Violation LineNumber="21" Source="D:\work\hff_workspace\Diverter\Code\Project\Diverter\Diverter.ExternalService\Interface\IElasticSearchAdapter.cs" RuleNamespace="StyleCop.CSharp.DocumentationRules" Rule="ElementsMustBeDocumented" RuleId="SA1600">The method must have a documentation header.</Violation>
  <Violation LineNumber="21" Source="D:\work\hff_workspace\Diverter\Code\Project\Diverter\Diverter.ExternalService\Interface\IFspAdapter.cs" RuleNamespace="StyleCop.CSharp.DocumentationRules" Rule="ElementsMustBeDocumented" RuleId="SA1600">The interface must have a documentation header.</Violation>
  <Violation LineNumber="23" Source="D:\work\hff_workspace\Diverter\Code\Project\Diverter\Diverter.ExternalService\Interface\IFspAdapter.cs" RuleNamespace="StyleCop.CSharp.DocumentationRules" Rule="ElementsMustBeDocumented" RuleId="SA1600">The method must have a documentation header.</Violation>
  <Violation LineNumber="25" Source="D:\work\hff_workspace\Diverter\Code\Project\Diverter\Diverter.ExternalService\Interface\IFspAdapter.cs" RuleNamespace="StyleCop.CSharp.DocumentationRules" Rule="ElementsMustBeDocumented" RuleId="SA1600">The method must have a documentation header.</Violation>
  <Violation LineNumber="22" Source="D:\work\hff_workspace\Diverter\Code\Project\Diverter\Diverter.ExternalService\Interface\IIapsAdapter.cs" RuleNamespace="StyleCop.CSharp.DocumentationRules" Rule="ElementsMustBeDocumented" RuleId="SA1600">The interface must have a documentation header.</Violation>
  <Violation LineNumber="24" Source="D:\work\hff_workspace\Diverter\Code\Project\Diverter\Diverter.ExternalService\Interface\IIapsAdapter.cs" RuleNamespace="StyleCop.CSharp.DocumentationRules" Rule="ElementsMustBeDocumented" RuleId="SA1600">The method must have a documentation header.</Violation>
  <Violation LineNumber="26" Source="D:\work\hff_workspace\Diverter\Code\Project\Diverter\Diverter.ExternalService\Interface\IIapsAdapter.cs" RuleNamespace="StyleCop.CSharp.DocumentationRules" Rule="ElementsMustBeDocumented" RuleId="SA1600">The method must have a documentation header.</Violation>
  <Violation LineNumber="20" Source="D:\work\hff_workspace\Diverter\Code\Project\Diverter\Diverter.ExternalService\Interface\IImageSystemAdapter.cs" RuleNamespace="StyleCop.CSharp.DocumentationRules" Rule="ElementsMustBeDocumented" RuleId="SA1600">The interface must have a documentation header.</Violation>
  <Violation LineNumber="22" Source="D:\work\hff_workspace\Diverter\Code\Project\Diverter\Diverter.ExternalService\Interface\IImageSystemAdapter.cs" RuleNamespace="StyleCop.CSharp.DocumentationRules" Rule="ElementsMustBeDocumented" RuleId="SA1600">The method must have a documentation header.</Violation>
  <Violation LineNumber="17" Source="D:\work\hff_workspace\Diverter\Code\Project\Diverter\Diverter.ExternalService\Properties\AssemblyInfo.cs" RuleNamespace="StyleCop.CSharp.LayoutRules" Rule="SingleLineCommentsMustNotBeFollowedByBlankLine" RuleId="SA1512">A single-line comment must not be followed by a blank line. To ignore this error when commenting out a line of code, begin the comment with '////' rather than '//'.</Violation>
  <Violation LineNumber="30" Source="D:\work\hff_workspace\Diverter\Code\Project\Diverter\Diverter.ExternalService\Properties\AssemblyInfo.cs" RuleNamespace="StyleCop.CSharp.LayoutRules" Rule="SingleLineCommentsMustNotBeFollowedByBlankLine" RuleId="SA1512">A single-line comment must not be followed by a blank line. To ignore this error when commenting out a line of code, begin the comment with '////' rather than '//'.</Violation>
  <Violation LineNumber="34" Source="D:\work\hff_workspace\Diverter\Code\Project\Diverter\Diverter.ExternalService\Properties\AssemblyInfo.cs" RuleNamespace="StyleCop.CSharp.LayoutRules" Rule="SingleLineCommentsMustNotBeFollowedByBlankLine" RuleId="SA1512">A single-line comment must not be followed by a blank line. To ignore this error when commenting out a line of code, begin the comment with '////' rather than '//'.</Violation>
  <Violation LineNumber="47" Source="D:\work\hff_workspace\Diverter\Code\Project\Diverter\Diverter.ExternalService\Properties\AssemblyInfo.cs" RuleNamespace="StyleCop.CSharp.LayoutRules" Rule="SingleLineCommentsMustNotBeFollowedByBlankLine" RuleId="SA1512">A single-line comment must not be followed by a blank line. To ignore this error when commenting out a line of code, begin the comment with '////' rather than '//'.</Violation>
</StyleCopViolations>